,dataset,loss,seed,coverage,length,target,lr,dropout
0,power,RQR-W,0,0.903343677520752,0.11399607360363,0.9,0.05,0.3
0,power,RQR-W,1,0.8887147307395935,0.1140205785632133,0.9,0.1,0.1
0,power,RQR-W,2,0.8845348954200745,0.111744999885559,0.9,0.1,0.1
0,power,RQR-W,3,0.8871473073959351,0.110599510371685,0.9,0.1,0.1
0,power,RQR-W,4,0.8949843049049377,0.1141614913940429,0.9,0.1,0.1
0,power,RQR-W,5,0.8840125203132629,0.1106526255607605,0.9,0.1,0.3
0,power,RQR-W,6,0.8871473073959351,0.10973700881004333,0.9,0.05,0.3
