,dataset,loss,seed,coverage,length,target,lr,dropout
0,protein,RQR-W,0,0.8775420784950256,2.0865371227264404,0.9,0.1,0.3
0,protein,RQR-W,1,0.8795101642608643,2.122398853302002,0.9,0.1,0.2
0,protein,RQR-W,2,0.8803848624229431,2.120177745819092,0.9,0.1,0.3
